"gender","age","nsubj","trial_number","card_selected","rt_cardselection","win","loss","net_gain","totalcash_by_trial","confidence","rt_confidence","adv_choice","block"
"m",19,1,1,"C",4300,50,0,50,2050,2,2053,1,1
"m",19,1,2,"C",5311,50,0,50,2100,3,1768,1,1
"m",19,1,3,"D",2830,50,0,50,2150,2,1750,1,1
"m",19,1,4,"B",1298,100,0,100,2250,1,1129,0,1
"m",19,1,5,"B",2297,100,0,100,2350,2,1824,0,1
"m",19,1,6,"B",1621,100,0,100,2450,3,1929,0,1
"m",19,1,7,"B",1374,100,0,100,2550,4,1128,0,1
"m",19,1,8,"B",4831,100,0,100,2650,4,1133,0,1
"m",19,1,9,"B",1280,100,0,100,2750,4,2935,0,1
"m",19,1,10,"B",1958,100,0,100,2850,4,1084,0,1
"m",19,1,11,"B",2086,100,0,100,2950,4,973,0,1
"m",19,1,12,"B",1094,100,-1250,-1150,1800,4,1128,0,1
"m",19,1,13,"C",2168,50,-50,0,1800,1,1282,1,1
"m",19,1,14,"A",703,100,0,100,1900,1,991,0,1
"m",19,1,15,"A",653,100,0,100,2000,1,565,0,1
"m",19,1,16,"D",1513,50,0,50,2050,1,773,1,1
"m",19,1,17,"B",609,100,0,100,2150,1,909,0,1
"m",19,1,18,"B",1123,100,0,100,2250,1,691,0,1
"m",19,1,19,"B",4091,100,0,100,2350,1,605,0,1
"m",19,1,20,"C",2562,50,0,50,2400,2,1201,1,1
"m",19,1,21,"C",806,50,-50,0,2400,1,1416,1,2
"m",19,1,22,"B",1962,100,0,100,2500,1,707,0,2
"m",19,1,23,"B",1657,100,-1250,-1150,1350,1,817,0,2
"m",19,1,24,"A",1394,100,-150,-50,1300,1,1428,0,2
"m",19,1,25,"B",1429,100,0,100,1400,1,709,0,2
"m",19,1,26,"C",2666,50,0,50,1450,2,1520,1,2
"m",19,1,27,"C",920,50,-50,0,1450,1,1045,1,2
"m",19,1,28,"C",881,50,0,50,1500,1,1188,1,2
"m",19,1,29,"C",1414,50,-50,0,1500,1,816,1,2
"m",19,1,30,"B",777,100,0,100,1600,1,933,0,2
"m",19,1,31,"B",1677,100,0,100,1700,1,649,0,2
"m",19,1,32,"B",7657,100,0,100,1800,1,819,0,2
"m",19,1,33,"C",2206,50,-50,0,1800,1,949,1,2
"m",19,1,34,"C",833,50,0,50,1850,1,801,1,2
"m",19,1,35,"C",2013,50,-25,25,1875,1,1362,1,2
"m",19,1,36,"B",1894,100,0,100,1975,1,821,0,2
"m",19,1,37,"A",2458,100,0,100,2075,1,801,0,2
"m",19,1,38,"C",1594,50,-75,-25,2050,1,792,1,2
"m",19,1,39,"C",1374,50,0,50,2100,1,956,1,2
"m",19,1,40,"B",961,100,0,100,2200,1,613,0,2
"m",19,1,41,"D",5067,50,0,50,2250,1,973,1,3
"m",19,1,42,"B",1482,100,-1250,-1150,1100,1,704,0,3
"m",19,1,43,"C",865,50,0,50,1150,1,805,1,3
"m",19,1,44,"C",816,50,0,50,1200,1,700,1,3
"m",19,1,45,"C",708,50,-25,25,1225,2,544,1,3
"m",19,1,46,"C",802,50,-75,-25,1200,3,979,1,3
"m",19,1,47,"C",597,50,0,50,1250,2,788,1,3
"m",19,1,48,"C",1993,50,-50,0,1250,1,2118,1,3
"m",19,1,49,"C",700,50,0,50,1300,1,678,1,3
"m",19,1,50,"B",1265,100,0,100,1400,1,741,0,3
"m",19,1,51,"C",1360,50,0,50,1450,2,2834,1,3
"m",19,1,52,"C",1385,50,0,50,1500,3,620,1,3
"m",19,1,53,"C",3133,50,-50,0,1500,1,855,1,3
"m",19,1,54,"C",725,50,-25,25,1525,3,1765,1,3
"m",19,1,55,"B",832,100,0,100,1625,1,781,0,3
"m",19,1,56,"C",1825,50,-50,0,1625,1,1385,1,3
"m",19,1,57,"C",613,50,0,50,1675,1,560,1,3
"m",19,1,58,"C",646,50,0,50,1725,1,547,1,3
"m",19,1,59,"C",503,50,-75,-25,1700,3,622,1,3
"m",19,1,60,"C",558,50,-50,0,1700,3,495,1,3
"m",19,1,61,"B",1296,100,0,100,1800,1,913,0,4
"m",19,1,62,"C",8045,50,0,50,1850,3,1449,1,4
"m",19,1,63,"B",657,100,0,100,1950,2,1333,0,4
"m",19,1,64,"C",2286,50,0,50,2000,3,1877,1,4
"m",19,1,65,"C",3751,50,0,50,2050,3,3205,1,4
"m",19,1,66,"C",1101,50,-25,25,2075,3,816,1,4
"m",19,1,67,"B",1590,100,0,100,2175,1,795,0,4
"m",19,1,68,"C",1481,50,-25,25,2200,3,1244,1,4
"m",19,1,69,"C",657,50,0,50,2250,3,851,1,4
"m",19,1,70,"C",753,50,-75,-25,2225,3,640,1,4
"m",19,1,71,"B",1124,100,0,100,2325,1,1721,0,4
"m",19,1,72,"B",1501,100,0,100,2425,1,497,0,4
"m",19,1,73,"C",3999,50,0,50,2475,3,1292,1,4
"m",19,1,74,"C",830,50,-50,0,2475,3,583,1,4
"m",19,1,75,"C",681,50,-75,-25,2450,3,824,1,4
"m",19,1,76,"C",622,50,0,50,2500,3,803,1,4
"m",19,1,77,"C",1942,50,0,50,2550,3,523,1,4
"m",19,1,78,"C",678,50,-50,0,2550,3,675,1,4
"m",19,1,79,"C",1210,50,0,50,2600,3,647,1,4
"m",19,1,80,"C",1293,50,-50,0,2600,3,645,1,4
"m",19,1,81,"C",598,50,0,50,2650,3,499,1,5
"m",19,1,82,"C",626,50,-50,0,2650,3,469,1,5
"m",19,1,83,"C",570,50,0,50,2700,3,491,1,5
"m",19,1,84,"C",810,50,-50,0,2700,3,687,1,5
"m",19,1,85,"C",610,50,-50,0,2700,3,442,1,5
"m",19,1,86,"C",502,50,0,50,2750,3,702,1,5
"m",19,1,87,"B",1382,100,0,100,2850,1,743,0,5
"m",19,1,88,"C",2065,50,-25,25,2875,3,2078,1,5
"m",19,1,89,"C",713,50,-75,-25,2850,3,552,1,5
"m",19,1,90,"C",688,50,0,50,2900,3,492,1,5
"m",19,1,91,"C",796,50,0,50,2950,3,513,1,5
"m",19,1,92,"C",591,50,0,50,3000,3,503,1,5
"m",19,1,93,"C",1273,50,-25,25,3025,3,608,1,5
"m",19,1,94,"C",648,50,-75,-25,3000,3,628,1,5
"m",19,1,95,"C",900,50,0,50,3050,3,502,1,5
"m",19,1,96,"C",686,50,-50,0,3050,3,499,1,5
"m",19,1,97,"C",824,50,0,50,3100,3,560,1,5
"m",19,1,98,"C",1042,50,0,50,3150,3,571,1,5
"m",19,1,99,"C",641,50,0,50,3200,3,477,1,5
"m",19,1,100,"C",613,50,-50,0,3200,3,500,1,5
"m",36,2,1,"D",3027,50,0,50,2050,1,2232,1,1
"m",36,2,2,"C",1112,50,0,50,2100,1,1343,1,1
"m",36,2,3,"B",976,100,0,100,2200,1,1553,0,1
"m",36,2,4,"A",938,100,0,100,2300,1,1808,0,1
"m",36,2,5,"B",1452,100,0,100,2400,2,2014,0,1
"m",36,2,6,"A",1201,100,0,100,2500,2,1536,0,1
"m",36,2,7,"B",990,100,0,100,2600,2,1348,0,1
"m",36,2,8,"A",752,100,-150,-50,2550,2,808,0,1
"m",36,2,9,"B",793,100,0,100,2650,3,1400,0,1
"m",36,2,10,"B",1881,100,0,100,2750,3,992,0,1
"m",36,2,11,"B",805,100,0,100,2850,3,777,0,1
"m",36,2,12,"B",648,100,0,100,2950,3,903,0,1
"m",36,2,13,"B",728,100,0,100,3050,4,911,0,1
"m",36,2,14,"B",610,100,-1250,-1150,1900,4,862,0,1
"m",36,2,15,"C",4664,50,0,50,1950,2,1624,1,1
"m",36,2,16,"C",745,50,-50,0,1950,2,663,1,1
"m",36,2,17,"D",680,50,0,50,2000,2,801,1,1
"m",36,2,18,"D",625,50,0,50,2050,2,744,1,1
"m",36,2,19,"D",561,50,0,50,2100,2,655,1,1
"m",36,2,20,"D",632,50,0,50,2150,2,633,1,1
"m",36,2,21,"D",665,50,0,50,2200,2,608,1,2
"m",36,2,22,"D",602,50,0,50,2250,2,695,1,2
"m",36,2,23,"D",569,50,0,50,2300,2,610,1,2
"m",36,2,24,"D",641,50,0,50,2350,3,1078,1,2
"m",36,2,25,"D",558,50,-250,-200,2150,4,692,1,2
"m",36,2,26,"D",761,50,0,50,2200,3,792,1,2
"m",36,2,27,"D",570,50,0,50,2250,3,806,1,2
"m",36,2,28,"D",549,50,0,50,2300,3,672,1,2
"m",36,2,29,"D",521,50,0,50,2350,3,663,1,2
"m",36,2,30,"D",568,50,0,50,2400,3,655,1,2
"m",36,2,31,"A",4192,100,0,100,2500,3,1064,0,2
"m",36,2,32,"A",1441,100,-300,-200,2300,3,710,0,2
"m",36,2,33,"A",987,100,0,100,2400,3,624,0,2
"m",36,2,34,"A",594,100,-200,-100,2300,3,687,0,2
"m",36,2,35,"A",513,100,0,100,2400,3,576,0,2
"m",36,2,36,"B",1234,100,0,100,2500,3,607,0,2
"m",36,2,37,"B",561,100,0,100,2600,3,599,0,2
"m",36,2,38,"B",495,100,0,100,2700,3,600,0,2
"m",36,2,39,"B",496,100,0,100,2800,3,934,0,2
"m",36,2,40,"B",907,100,-1250,-1150,1650,3,584,0,2
"m",36,2,41,"B",696,100,0,100,1750,3,592,0,3
"m",36,2,42,"B",521,100,0,100,1850,2,624,0,3
"m",36,2,43,"B",529,100,0,100,1950,3,1583,0,3
"m",36,2,44,"B",553,100,0,100,2050,3,560,0,3
"m",36,2,45,"D",2334,50,0,50,2100,3,712,1,3
"m",36,2,46,"D",608,50,0,50,2150,3,856,1,3
"m",36,2,47,"D",513,50,0,50,2200,3,527,1,3
"m",36,2,48,"D",713,50,0,50,2250,3,607,1,3
"m",36,2,49,"C",1371,50,0,50,2300,3,574,1,3
"m",36,2,50,"D",490,50,-250,-200,2100,3,495,1,3
"m",36,2,51,"C",482,50,-50,0,2100,3,527,1,3
"m",36,2,52,"C",432,50,0,50,2150,3,506,1,3
"m",36,2,53,"C",497,50,-50,0,2150,3,600,1,3
"m",36,2,54,"C",446,50,0,50,2200,3,499,1,3
"m",36,2,55,"C",449,50,-50,0,2200,3,553,1,3
"m",36,2,56,"C",433,50,-50,0,2200,3,489,1,3
"m",36,2,57,"C",1096,50,0,50,2250,3,631,1,3
"m",36,2,58,"D",3734,50,0,50,2300,3,616,1,3
"m",36,2,59,"D",513,50,0,50,2350,3,551,1,3
"m",36,2,60,"D",546,50,0,50,2400,3,582,1,3
"m",36,2,61,"D",535,50,0,50,2450,3,687,1,4
"m",36,2,62,"D",730,50,0,50,2500,3,590,1,4
"m",36,2,63,"C",680,50,-25,25,2525,3,551,1,4
"m",36,2,64,"C",518,50,-75,-25,2500,3,535,1,4
"m",36,2,65,"C",615,50,0,50,2550,4,616,1,4
"m",36,2,66,"C",517,50,0,50,2600,4,626,1,4
"m",36,2,67,"C",578,50,0,50,2650,4,855,1,4
"m",36,2,68,"C",504,50,-25,25,2675,4,952,1,4
"m",36,2,69,"C",492,50,-75,-25,2650,4,529,1,4
"m",36,2,70,"C",455,50,0,50,2700,4,505,1,4
"m",36,2,71,"C",624,50,-50,0,2700,4,593,1,4
"m",36,2,72,"C",487,50,0,50,2750,4,552,1,4
"m",36,2,73,"C",487,50,0,50,2800,4,602,1,4
"m",36,2,74,"C",640,50,0,50,2850,4,537,1,4
"m",36,2,75,"C",474,50,-50,0,2850,4,496,1,4
"m",36,2,76,"C",561,50,-25,25,2875,4,497,1,4
"m",36,2,77,"C",553,50,-50,0,2875,4,498,1,4
"m",36,2,78,"C",2321,50,0,50,2925,4,883,1,4
"m",36,2,79,"C",522,50,0,50,2975,4,553,1,4
"m",36,2,80,"C",489,50,-75,-25,2950,4,506,1,4
"m",36,2,81,"C",738,50,-50,0,2950,4,535,1,5
"m",36,2,82,"C",570,50,0,50,3000,4,512,1,5
"m",36,2,83,"C",550,50,0,50,3050,4,528,1,5
"m",36,2,84,"C",599,50,0,50,3100,4,484,1,5
"m",36,2,85,"C",471,50,-25,25,3125,4,568,1,5
"m",36,2,86,"C",531,50,-25,25,3150,4,576,1,5
"m",36,2,87,"C",485,50,0,50,3200,4,561,1,5
"m",36,2,88,"C",553,50,-75,-25,3175,4,818,1,5
"m",36,2,89,"C",454,50,0,50,3225,4,562,1,5
"m",36,2,90,"C",486,50,-50,0,3225,4,521,1,5
"m",36,2,91,"C",591,50,-75,-25,3200,4,498,1,5
"m",36,2,92,"C",493,50,0,50,3250,4,571,1,5
"m",36,2,93,"C",505,50,0,50,3300,4,506,1,5
"m",36,2,94,"C",582,50,-50,0,3300,4,1703,1,5
"m",36,2,95,"C",1206,50,0,50,3350,4,649,1,5
"m",36,2,96,"C",839,50,-50,0,3350,4,563,1,5
"m",36,2,97,"C",464,50,0,50,3400,4,521,1,5
"m",36,2,98,"C",513,50,-50,0,3400,4,567,1,5
"m",36,2,99,"C",570,50,0,50,3450,4,473,1,5
"m",36,2,100,"C",483,50,-50,0,3450,4,1398,1,5
"f",54,3,1,"D",27657,50,0,50,2050,3,5670,1,1
"f",54,3,2,"B",10838,100,0,100,2150,4,6113,0,1
"f",54,3,3,"B",6692,100,0,100,2250,4,3676,0,1
"f",54,3,4,"A",5196,100,0,100,2350,4,5368,0,1
"f",54,3,5,"B",5652,100,0,100,2450,4,3884,0,1
"f",54,3,6,"D",3593,50,0,50,2500,4,6114,1,1
"f",54,3,7,"A",4290,100,0,100,2600,4,3765,0,1
"f",54,3,8,"A",4300,100,-150,-50,2550,4,3038,0,1
"f",54,3,9,"A",3966,100,0,100,2650,4,3531,0,1
"f",54,3,10,"A",3673,100,-300,-200,2450,4,3290,0,1
"f",54,3,11,"A",4157,100,0,100,2550,4,2796,0,1
"f",54,3,12,"A",5691,100,-200,-100,2450,4,4177,0,1
"f",54,3,13,"B",5157,100,0,100,2550,4,3360,0,1
"f",54,3,14,"B",3147,100,0,100,2650,4,2624,0,1
"f",54,3,15,"B",2381,100,0,100,2750,4,2735,0,1
"f",54,3,16,"B",2129,100,0,100,2850,4,3472,0,1
"f",54,3,17,"B",3180,100,0,100,2950,4,2886,0,1
"f",54,3,18,"B",6651,100,-1250,-1150,1800,4,3502,0,1
"f",54,3,19,"B",5965,100,0,100,1900,4,2695,0,1
"f",54,3,20,"B",2746,100,0,100,2000,4,3167,0,1
"f",54,3,21,"B",3239,100,0,100,2100,4,2815,0,2
"f",54,3,22,"B",4599,100,0,100,2200,4,4326,0,2
"f",54,3,23,"B",3049,100,-1250,-1150,1050,4,2753,0,2
"f",54,3,24,"D",2686,50,0,50,1100,4,2570,1,2
"f",54,3,25,"A",3120,100,0,100,1200,4,3691,0,2
"f",54,3,26,"A",2928,100,-250,-150,1050,4,3591,0,2
"f",54,3,27,"D",2616,50,0,50,1100,4,1968,1,2
"f",54,3,28,"C",3198,50,0,50,1150,4,2534,1,2
"f",54,3,29,"A",3118,100,-350,-250,900,4,3278,0,2
"f",54,3,30,"C",2836,50,0,50,950,4,2844,1,2
"f",54,3,31,"D",2363,50,0,50,1000,4,2271,1,2
"f",54,3,32,"D",3734,50,0,50,1050,4,2271,1,2
"f",54,3,33,"A",2983,100,0,100,1150,3,5406,0,2
"f",54,3,34,"C",2534,50,-50,0,1150,3,3308,1,2
"f",54,3,35,"D",2504,50,0,50,1200,4,1957,1,2
"f",54,3,36,"D",2846,50,0,50,1250,4,2219,1,2
"f",54,3,37,"B",3754,100,0,100,1350,3,3784,0,2
"f",54,3,38,"C",3341,50,0,50,1400,4,5089,1,2
"f",54,3,39,"C",4137,50,-50,0,1400,3,2967,1,2
"f",54,3,40,"D",3381,50,0,50,1450,4,2281,1,2
"f",54,3,41,"D",3300,50,-250,-200,1250,4,2684,1,3
"f",54,3,42,"A",2524,100,-350,-250,1000,4,4198,0,3
"f",54,3,43,"A",3300,100,0,100,1100,3,2985,0,3
"f",54,3,44,"B",3189,100,0,100,1200,4,3269,0,3
"f",54,3,45,"D",2583,50,0,50,1250,4,2482,1,3
"f",54,3,46,"D",3281,50,0,50,1300,4,2370,1,3
"f",54,3,47,"A",3007,100,-250,-150,1150,3,5762,0,3
"f",54,3,48,"A",3340,100,-200,-100,1050,4,2717,0,3
"f",54,3,49,"A",2524,100,0,100,1150,4,3924,0,3
"f",54,3,50,"A",2754,100,-300,-200,950,4,2996,0,3
"f",54,3,51,"D",3825,50,0,50,1000,4,2049,1,3
"f",54,3,52,"D",2888,50,0,50,1050,4,4853,1,3
"f",54,3,53,"C",7357,50,0,50,1100,3,2904,1,3
"f",54,3,54,"C",2533,50,-50,0,1100,3,2784,1,3
"f",54,3,55,"B",4349,100,0,100,1200,4,2916,0,3
"f",54,3,56,"A",3855,100,-150,-50,1150,4,3632,0,3
"f",54,3,57,"A",2585,100,0,100,1250,3,2339,0,3
"f",54,3,58,"B",3947,100,0,100,1350,3,2571,0,3
"f",54,3,59,"D",2000,50,0,50,1400,4,3855,1,3
"f",54,3,60,"B",3776,100,0,100,1500,3,2618,0,3
"f",54,3,61,"A",3149,100,0,100,1600,4,3259,0,4
"f",54,3,62,"D",2875,50,0,50,1650,4,3068,1,4
"f",54,3,63,"A",2614,100,0,100,1750,3,3815,0,4
"f",54,3,64,"C",2614,50,0,50,1800,4,2765,1,4
"f",54,3,65,"D",2704,50,0,50,1850,4,3280,1,4
"f",54,3,66,"B",3986,100,0,100,1950,3,2957,0,4
"f",54,3,67,"A",6883,100,-300,-200,1750,4,4753,0,4
"f",54,3,68,"B",4188,100,-1250,-1150,600,3,2633,0,4
"f",54,3,69,"C",3220,50,-50,0,600,4,2613,1,4
"f",54,3,70,"A",2524,100,0,100,700,2,4087,0,4
"f",54,3,71,"A",2837,100,-350,-250,450,3,4378,0,4
"f",54,3,72,"D",1737,50,0,50,500,4,1807,1,4
"f",54,3,73,"A",2615,100,0,100,600,3,2804,0,4
"f",54,3,74,"C",2999,50,-50,0,600,3,2248,1,4
"f",54,3,75,"D",2887,50,0,50,650,4,1896,1,4
"f",54,3,76,"A",4027,100,-200,-100,550,4,3419,0,4
"f",54,3,77,"D",2231,50,-250,-200,350,4,2169,1,4
"f",54,3,78,"C",2099,50,0,50,400,3,2662,1,4
"f",54,3,79,"B",3119,100,0,100,500,4,2389,0,4
"f",54,3,80,"D",2644,50,0,50,550,4,1917,1,4
"f",54,3,81,"D",2363,50,0,50,600,4,2107,1,5
"f",54,3,82,"D",1968,50,0,50,650,4,2149,1,5
"f",54,3,83,"D",2452,50,0,50,700,4,2472,1,5
"f",54,3,84,"D",2351,50,0,50,750,4,2361,1,5
"f",54,3,85,"D",1696,50,0,50,800,4,645,1,5
"f",54,3,86,"D",2786,50,0,50,850,4,2209,1,5
"f",54,3,87,"D",2060,50,0,50,900,4,2058,1,5
"f",54,3,88,"D",2040,50,-250,-200,700,4,2037,1,5
"f",54,3,89,"D",2494,50,0,50,750,4,1746,1,5
"f",54,3,90,"D",2139,50,0,50,800,4,1826,1,5
"f",54,3,91,"D",1938,50,0,50,850,4,2079,1,5
"f",54,3,92,"D",2162,50,0,50,900,4,1926,1,5
"f",54,3,93,"D",1848,50,0,50,950,4,2169,1,5
"f",54,3,94,"D",4431,50,-250,-200,750,4,1937,1,5
"f",54,3,95,"D",2099,50,0,50,800,4,1949,1,5
"f",54,3,96,"D",1727,50,0,50,850,4,190,1,5
"f",54,3,97,"A",3502,100,-250,-150,700,4,2674,0,5
"f",54,3,98,"A",3008,100,-150,-50,650,4,2674,0,5
"f",54,3,99,"B",2785,100,0,100,750,4,2381,0,5
"f",54,3,100,"B",2313,100,0,100,850,4,2632,0,5
"m",21,4,1,"A",8973,100,0,100,2100,4,2779,0,1
"m",21,4,2,"C",4885,50,0,50,2150,3,1700,1,1
"m",21,4,3,"D",2788,50,0,50,2200,2,3531,1,1
"m",21,4,4,"B",2778,100,0,100,2300,3,5523,0,1
"m",21,4,5,"A",8937,100,0,100,2400,4,2820,0,1
"m",21,4,6,"C",2883,50,0,50,2450,4,3583,1,1
"m",21,4,7,"B",1897,100,0,100,2550,3,1388,0,1
"m",21,4,8,"A",26354,100,-150,-50,2500,3,1241,0,1
"m",21,4,9,"D",13542,50,0,50,2550,2,1792,1,1
"m",21,4,10,"D",3484,50,0,50,2600,3,1157,1,1
"m",21,4,11,"C",28254,50,-50,0,2600,3,1017,1,1
"m",21,4,12,"D",3556,50,0,50,2650,3,1363,1,1
"m",21,4,13,"A",12971,100,0,100,2750,2,1033,0,1
"m",21,4,14,"A",3895,100,-300,-200,2550,2,4326,0,1
"m",21,4,15,"D",32015,50,0,50,2600,4,1906,1,1
"m",21,4,16,"B",1096,100,0,100,2700,3,2198,0,1
"m",21,4,17,"B",1205,100,0,100,2800,3,956,0,1
"m",21,4,18,"B",1227,100,0,100,2900,3,1385,0,1
"m",21,4,19,"B",1380,100,0,100,3000,3,1470,0,1
"m",21,4,20,"B",3521,100,0,100,3100,3,1232,0,1
"m",21,4,21,"B",1096,100,0,100,3200,3,1430,0,2
"m",21,4,22,"B",1697,100,-1250,-1150,2050,3,1066,0,2
"m",21,4,23,"B",2028,100,0,100,2150,3,2956,0,2
"m",21,4,24,"B",9199,100,0,100,2250,2,1109,0,2
"m",21,4,25,"B",976,100,0,100,2350,2,1066,0,2
"m",21,4,26,"B",1195,100,0,100,2450,2,1235,0,2
"m",21,4,27,"B",1055,100,-1250,-1150,1300,2,1078,0,2
"m",21,4,28,"B",837,100,0,100,1400,2,818,0,2
"m",21,4,29,"B",3383,100,0,100,1500,2,1284,0,2
"m",21,4,30,"B",1037,100,0,100,1600,2,808,0,2
"m",21,4,31,"D",1869,50,0,50,1650,4,1413,1,2
"m",21,4,32,"D",1246,50,0,50,1700,4,2151,1,2
"m",21,4,33,"D",1006,50,0,50,1750,4,1539,1,2
"m",21,4,34,"D",1139,50,0,50,1800,4,1088,1,2
"m",21,4,35,"B",4461,100,0,100,1900,2,2050,0,2
"m",21,4,36,"C",4443,50,0,50,1950,3,1351,1,2
"m",21,4,37,"D",3598,50,-250,-200,1750,3,1825,1,2
"m",21,4,38,"B",1934,100,0,100,1850,2,1557,0,2
"m",21,4,39,"B",1967,100,0,100,1950,2,1060,0,2
"m",21,4,40,"C",2126,50,-50,0,1950,2,1281,1,2
"m",21,4,41,"C",3098,50,0,50,2000,3,1057,1,3
"m",21,4,42,"D",1637,50,0,50,2050,4,1959,1,3
"m",21,4,43,"B",1225,100,-1250,-1150,900,2,1218,0,3
"m",21,4,44,"A",2751,100,0,100,1000,4,1859,0,3
"m",21,4,45,"A",2377,100,-200,-100,900,3,6314,0,3
"m",21,4,46,"D",1058,50,0,50,950,4,1086,1,3
"m",21,4,47,"D",996,50,0,50,1000,4,928,1,3
"m",21,4,48,"D",1021,50,0,50,1050,4,1038,1,3
"m",21,4,49,"D",1781,50,0,50,1100,4,963,1,3
"m",21,4,50,"D",1019,50,0,50,1150,4,1188,1,3
"m",21,4,51,"D",1183,50,0,50,1200,4,1068,1,3
"m",21,4,52,"C",919,50,-50,0,1200,3,1308,1,3
"m",21,4,53,"D",1008,50,0,50,1250,4,982,1,3
"m",21,4,54,"D",930,50,0,50,1300,4,769,1,3
"m",21,4,55,"B",1510,100,0,100,1400,4,1320,0,3
"m",21,4,56,"D",1238,50,-250,-200,1200,4,1139,1,3
"m",21,4,57,"D",1140,50,0,50,1250,4,2108,1,3
"m",21,4,58,"D",1748,50,0,50,1300,3,981,1,3
"m",21,4,59,"C",970,50,0,50,1350,3,4491,1,3
"m",21,4,60,"C",1079,50,-50,0,1350,4,983,1,3
"m",21,4,61,"A",1254,100,0,100,1450,3,1777,0,4
"m",21,4,62,"D",1557,50,0,50,1500,4,967,1,4
"m",21,4,63,"D",972,50,0,50,1550,4,1207,1,4
"m",21,4,64,"D",1028,50,0,50,1600,4,1637,1,4
"m",21,4,65,"C",1275,50,-50,0,1600,3,1040,1,4
"m",21,4,66,"C",1055,50,0,50,1650,4,1523,1,4
"m",21,4,67,"A",1589,100,-250,-150,1500,3,1841,0,4
"m",21,4,68,"D",1710,50,0,50,1550,4,1084,1,4
"m",21,4,69,"D",1428,50,0,50,1600,4,813,1,4
"m",21,4,70,"D",820,50,0,50,1650,4,1222,1,4
"m",21,4,71,"D",1020,50,-250,-200,1450,4,1355,1,4
"m",21,4,72,"C",931,50,-25,25,1475,3,845,1,4
"m",21,4,73,"C",1474,50,-75,-25,1450,4,936,1,4
"m",21,4,74,"D",1882,50,0,50,1500,4,964,1,4
"m",21,4,75,"D",1045,50,0,50,1550,4,997,1,4
"m",21,4,76,"D",1445,50,0,50,1600,4,1124,1,4
"m",21,4,77,"D",2228,50,0,50,1650,4,1103,1,4
"m",21,4,78,"A",1251,100,-350,-250,1400,3,1866,0,4
"m",21,4,79,"A",1491,100,0,100,1500,2,3747,0,4
"m",21,4,80,"C",4870,50,0,50,1550,3,952,1,4
"m",21,4,81,"B",2678,100,0,100,1650,2,1139,0,5
"m",21,4,82,"D",3632,50,0,50,1700,3,1103,1,5
"m",21,4,83,"D",2177,50,-250,-200,1500,3,1705,1,5
"m",21,4,84,"C",1054,50,0,50,1550,4,1490,1,5
"m",21,4,85,"C",2414,50,0,50,1600,3,1170,1,5
"m",21,4,86,"C",989,50,-25,25,1625,3,1024,1,5
"m",21,4,87,"C",939,50,-75,-25,1600,3,970,1,5
"m",21,4,88,"A",1898,100,-350,-250,1350,1,1666,0,5
"m",21,4,89,"A",1156,100,0,100,1450,4,1407,0,5
"m",21,4,90,"C",1140,50,0,50,1500,3,1024,1,5
"m",21,4,91,"C",863,50,-50,0,1500,3,776,1,5
"m",21,4,92,"C",850,50,0,50,1550,3,1114,1,5
"m",21,4,93,"C",1014,50,0,50,1600,4,948,1,5
"m",21,4,94,"C",1047,50,0,50,1650,4,830,1,5
"m",21,4,95,"C",973,50,-50,0,1650,4,953,1,5
"m",21,4,96,"A",1138,100,-250,-150,1500,3,2350,0,5
"m",21,4,97,"A",1549,100,-200,-100,1400,3,1436,0,5
"m",21,4,98,"C",1005,50,-25,25,1425,3,1292,1,5
"m",21,4,99,"C",830,50,-50,0,1425,3,977,1,5
"m",21,4,100,"C",864,50,0,50,1475,3,850,1,5
"m",28,5,1,"C",2992,50,0,50,2050,2,2887,1,1
"m",28,5,2,"A",7632,100,0,100,2150,3,3640,0,1
"m",28,5,3,"B",3360,100,0,100,2250,2,1880,0,1
"m",28,5,4,"A",4288,100,0,100,2350,4,3264,0,1
"m",28,5,5,"D",8551,50,0,50,2400,4,5000,1,1
"m",28,5,6,"B",2496,100,0,100,2500,4,3360,0,1
"m",28,5,7,"C",6720,50,0,50,2550,1,2096,1,1
"m",28,5,8,"D",10840,50,0,50,2600,4,1480,1,1
"m",28,5,9,"B",4088,100,0,100,2700,4,1280,0,1
"m",28,5,10,"C",6760,50,-50,0,2700,1,1640,1,1
"m",28,5,11,"B",7861,100,0,100,2800,3,1912,0,1
"m",28,5,12,"A",3424,100,-150,-50,2750,4,2432,0,1
"m",28,5,13,"A",5720,100,0,100,2850,1,2648,0,1
"m",28,5,14,"A",2048,100,-300,-200,2650,1,1504,0,1
"m",28,5,15,"A",6024,100,0,100,2750,4,1496,0,1
"m",28,5,16,"D",1752,50,0,50,2800,3,1288,1,1
"m",28,5,17,"A",4328,100,-200,-100,2700,3,15535,0,1
"m",28,5,18,"D",7488,50,0,50,2750,4,1056,1,1
"m",28,5,19,"A",1904,100,0,100,2850,3,1976,0,1
"m",28,5,20,"C",2696,50,0,50,2900,3,952,1,1
"m",28,5,21,"D",4016,50,0,50,2950,4,1864,1,2
"m",28,5,22,"B",3760,100,0,100,3050,2,2120,0,2
"m",28,5,23,"B",8536,100,0,100,3150,4,1840,0,2
"m",28,5,24,"C",2240,50,-50,0,3150,3,1160,1,2
"m",28,5,25,"A",1582,100,-250,-150,3000,4,1968,0,2
"m",28,5,26,"A",2160,100,-350,-250,2750,4,992,0,2
"m",28,5,27,"A",2112,100,0,100,2850,1,2080,0,2
"m",28,5,28,"D",1576,50,0,50,2900,4,3248,1,2
"m",28,5,29,"C",1128,50,0,50,2950,4,1352,1,2
"m",28,5,30,"B",1136,100,0,100,3050,2,1736,0,2
"m",28,5,31,"A",2352,100,-350,-250,2800,3,2264,0,2
"m",28,5,32,"D",1824,50,0,50,2850,4,912,1,2
"m",28,5,33,"A",1056,100,0,100,2950,4,4736,0,2
"m",28,5,34,"D",2392,50,0,50,3000,4,904,1,2
"m",28,5,35,"C",2424,50,-50,0,3000,4,1168,1,2
"m",28,5,36,"B",624,100,0,100,3100,4,1000,0,2
"m",28,5,37,"B",1848,100,-1250,-1150,1950,4,4830,0,2
"m",28,5,38,"C",4304,50,0,50,2000,4,1160,1,2
"m",28,5,39,"A",1832,100,-250,-150,1850,4,928,0,2
"m",28,5,40,"B",904,100,0,100,1950,4,720,0,2
"m",28,5,41,"D",752,50,0,50,2000,1,1648,1,3
"m",28,5,42,"D",2032,50,-250,-200,1800,4,1104,1,3
"m",28,5,43,"A",632,100,-200,-100,1700,4,760,0,3
"m",28,5,44,"B",504,100,0,100,1800,4,1016,0,3
"m",28,5,45,"C",1448,50,-50,0,1800,1,1648,1,3
"m",28,5,46,"D",592,50,0,50,1850,4,2048,1,3
"m",28,5,47,"D",992,50,0,50,1900,3,1032,1,3
"m",28,5,48,"D",696,50,0,50,1950,3,1072,1,3
"m",28,5,49,"D",824,50,0,50,2000,3,792,1,3
"m",28,5,50,"D",800,50,0,50,2050,3,760,1,3
"m",28,5,51,"D",560,50,0,50,2100,3,728,1,3
"m",28,5,52,"D",488,50,0,50,2150,3,600,1,3
"m",28,5,53,"D",680,50,0,50,2200,3,576,1,3
"m",28,5,54,"D",536,50,0,50,2250,3,912,1,3
"m",28,5,55,"D",624,50,-250,-200,2050,3,536,1,3
"m",28,5,56,"C",1360,50,-50,0,2050,4,968,1,3
"m",28,5,57,"A",1016,100,0,100,2150,2,1678,0,3
"m",28,5,58,"B",1056,100,0,100,2250,4,744,0,3
"m",28,5,59,"C",1600,50,0,50,2300,4,832,1,3
"m",28,5,60,"D",640,50,0,50,2350,3,520,1,3
"m",28,5,61,"D",488,50,0,50,2400,3,472,1,4
"m",28,5,62,"D",464,50,0,50,2450,3,529,1,4
"m",28,5,63,"B",632,100,0,100,2550,3,1072,0,4
"m",28,5,64,"A",768,100,-300,-200,2350,2,1248,0,4
"m",28,5,65,"D",976,50,0,50,2400,4,920,1,4
"m",28,5,66,"D",480,50,0,50,2450,4,704,1,4
"m",28,5,67,"D",528,50,0,50,2500,4,808,1,4
"m",28,5,68,"D",512,50,0,50,2550,4,688,1,4
"m",28,5,69,"C",624,50,-25,25,2575,3,1304,1,4
"m",28,5,70,"D",2704,50,0,50,2625,4,800,1,4
"m",28,5,71,"D",544,50,-250,-200,2425,4,768,1,4
"m",28,5,72,"A",568,100,-150,-50,2375,4,920,0,4
"m",28,5,73,"B",600,100,-1250,-1150,1225,3,800,0,4
"m",28,5,74,"D",632,50,0,50,1275,3,664,1,4
"m",28,5,75,"D",512,50,0,50,1325,3,560,1,4
"m",28,5,76,"D",664,50,0,50,1375,4,688,1,4
"m",28,5,77,"A",1176,100,0,100,1475,4,632,0,4
"m",28,5,78,"A",768,100,0,100,1575,4,656,0,4
"m",28,5,79,"D",712,50,0,50,1625,4,744,1,4
"m",28,5,80,"D",808,50,0,50,1675,4,968,1,4
"m",28,5,81,"B",512,100,0,100,1775,4,736,0,5
"m",28,5,82,"A",1398,100,0,100,1875,1,792,0,5
"m",28,5,83,"A",632,100,-300,-200,1675,1,1256,0,5
"m",28,5,84,"D",592,50,-250,-200,1475,4,664,1,5
"m",28,5,85,"D",416,50,0,50,1525,4,648,1,5
"m",28,5,86,"D",504,50,0,50,1575,4,456,1,5
"m",28,5,87,"D",376,50,0,50,1625,4,448,1,5
"m",28,5,88,"D",408,50,0,50,1675,4,464,1,5
"m",28,5,89,"D",392,50,0,50,1725,4,464,1,5
"m",28,5,90,"D",408,50,0,50,1775,4,440,1,5
"m",28,5,91,"D",400,50,0,50,1825,4,552,1,5
"m",28,5,92,"D",496,50,0,50,1875,4,408,1,5
"m",28,5,93,"D",616,50,0,50,1925,4,712,1,5
"m",28,5,94,"D",432,50,0,50,1975,4,408,1,5
"m",28,5,95,"D",408,50,0,50,2025,4,456,1,5
"m",28,5,96,"D",384,50,0,50,2075,4,416,1,5
"m",28,5,97,"D",1080,50,0,50,2125,4,672,1,5
"m",28,5,98,"D",536,50,0,50,2175,4,456,1,5
"m",28,5,99,"D",520,50,-250,-200,1975,4,696,1,5
"m",28,5,100,"D",560,50,0,50,2025,4,440,1,5
"f",29,6,1,"C",9835,50,0,50,2050,2,3159,1,1
"f",29,6,2,"D",25711,50,0,50,2100,2,2424,1,1
"f",29,6,3,"B",14511,100,0,100,2200,3,4888,0,1
"f",29,6,4,"A",1723,100,0,100,2300,4,2534,0,1
"f",29,6,5,"C",12072,50,0,50,2350,4,8728,1,1
"f",29,6,6,"B",9888,100,0,100,2450,4,19794,0,1
"f",29,6,7,"D",11088,50,0,50,2500,4,10696,1,1
"f",29,6,8,"B",2184,100,0,100,2600,4,1808,0,1
"f",29,6,9,"A",976,100,0,100,2700,4,880,0,1
"f",29,6,10,"A",26280,100,-150,-50,2650,4,872,0,1
"f",29,6,11,"B",8644,100,0,100,2750,4,1972,0,1
"f",29,6,12,"D",1641,50,0,50,2800,4,920,1,1
"f",29,6,13,"C",1489,50,-50,0,2800,4,769,1,1
"f",29,6,14,"B",33312,100,0,100,2900,3,3833,0,1
"f",29,6,15,"D",10671,50,0,50,2950,2,928,1,1
"f",29,6,16,"B",48249,100,0,100,3050,2,1744,0,1
"f",29,6,17,"D",18488,50,0,50,3100,3,1895,1,1
"f",29,6,18,"B",60545,100,0,100,3200,2,1128,0,1
"f",29,6,19,"D",12000,50,0,50,3250,3,3144,1,1
"f",29,6,20,"B",4688,100,0,100,3350,2,2528,0,1
"f",29,6,21,"D",4488,50,0,50,3400,3,1848,1,2
"f",29,6,22,"B",705,100,-1250,-1150,2250,2,856,0,2
"f",29,6,23,"A",801,100,0,100,2350,4,840,0,2
"f",29,6,24,"A",5208,100,-300,-200,2150,3,1128,0,2
"f",29,6,25,"D",592,50,0,50,2200,2,1552,1,2
"f",29,6,26,"D",1224,50,0,50,2250,4,864,1,2
"f",29,6,27,"D",1808,50,-250,-200,2050,2,1137,1,2
"f",29,6,28,"A",5376,100,0,100,2150,3,1352,0,2
"f",29,6,29,"D",9976,50,0,50,2200,3,735,1,2
"f",29,6,30,"D",24760,50,0,50,2250,3,912,1,2
"f",29,6,31,"D",975,50,0,50,2300,3,2272,1,2
"f",29,6,32,"D",1297,50,0,50,2350,3,703,1,2
"f",29,6,33,"D",880,50,0,50,2400,3,960,1,2
"f",29,6,34,"D",889,50,0,50,2450,3,703,1,2
"f",29,6,35,"D",577,50,0,50,2500,3,2841,1,2
"f",29,6,36,"D",2296,50,0,50,2550,3,784,1,2
"f",29,6,37,"D",1800,50,0,50,2600,3,936,1,2
"f",29,6,38,"D",15448,50,-250,-200,2400,3,832,1,2
"f",29,6,39,"D",1279,50,0,50,2450,3,820,1,2
"f",29,6,40,"D",1762,50,0,50,2500,3,759,1,2
"f",29,6,41,"D",2800,50,0,50,2550,3,848,1,3
"f",29,6,42,"D",43786,50,0,50,2600,3,880,1,3
"f",29,6,43,"D",776,50,0,50,2650,4,761,1,3
"f",29,6,44,"D",864,50,0,50,2700,3,1680,1,3
"f",29,6,45,"D",833,50,0,50,2750,3,1087,1,3
"f",29,6,46,"D",2752,50,0,50,2800,3,832,1,3
"f",29,6,47,"D",1936,50,-250,-200,2600,3,1704,1,3
"f",29,6,48,"D",1696,50,0,50,2650,3,631,1,3
"f",29,6,49,"D",456,50,0,50,2700,3,624,1,3
"f",29,6,50,"D",858,50,0,50,2750,3,640,1,3
"f",29,6,51,"D",641,50,0,50,2800,3,687,1,3
"f",29,6,52,"D",632,50,0,50,2850,3,736,1,3
"f",29,6,53,"D",1672,50,-250,-200,2650,3,640,1,3
"f",29,6,54,"D",7048,50,0,50,2700,3,2736,1,3
"f",29,6,55,"D",984,50,0,50,2750,3,640,1,3
"f",29,6,56,"D",568,50,0,50,2800,3,600,1,3
"f",29,6,57,"B",1977,100,0,100,2900,3,914,0,3
"f",29,6,58,"B",745,100,0,100,3000,3,1687,0,3
"f",29,6,59,"B",736,100,0,100,3100,3,1280,0,3
"f",29,6,60,"B",3793,100,0,100,3200,3,599,0,3
"f",29,6,61,"D",2608,50,0,50,3250,3,736,1,4
"f",29,6,62,"B",1425,100,-1250,-1150,2100,3,1272,0,4
"f",29,6,63,"D",7016,50,0,50,2150,3,952,1,4
"f",29,6,64,"D",615,50,0,50,2200,3,696,1,4
"f",29,6,65,"D",440,50,0,50,2250,3,624,1,4
"f",29,6,66,"D",480,50,0,50,2300,3,568,1,4
"f",29,6,67,"D",552,50,0,50,2350,3,1008,1,4
"f",29,6,68,"D",536,50,0,50,2400,3,1176,1,4
"f",29,6,69,"D",2697,50,0,50,2450,1,1392,1,4
"f",29,6,70,"D",945,50,0,50,2500,1,703,1,4
"f",29,6,71,"D",1000,50,0,50,2550,1,792,1,4
"f",29,6,72,"D",2481,50,0,50,2600,1,1344,1,4
"f",29,6,73,"D",5929,50,-250,-200,2400,2,1879,1,4
"f",29,6,74,"D",1504,50,0,50,2450,3,1168,1,4
"f",29,6,75,"D",417,50,0,50,2500,4,519,1,4
"f",29,6,76,"D",704,50,0,50,2550,4,1112,1,4
"f",29,6,77,"D",474,50,0,50,2600,4,567,1,4
"f",29,6,78,"D",505,50,0,50,2650,4,880,1,4
"f",29,6,79,"D",769,50,0,50,2700,1,944,1,4
"f",29,6,80,"D",728,50,0,50,2750,2,2704,1,4
"f",29,6,81,"D",616,50,0,50,2800,2,1888,1,5
"f",29,6,82,"D",6792,50,0,50,2850,1,1096,1,5
"f",29,6,83,"B",6016,100,0,100,2950,3,1359,0,5
"f",29,6,84,"B",1977,100,0,100,3050,2,1007,0,5
"f",29,6,85,"D",21048,50,-250,-200,2850,2,1872,1,5
"f",29,6,86,"D",1193,50,0,50,2900,4,1336,1,5
"f",29,6,87,"D",3993,50,0,50,2950,4,1440,1,5
"f",29,6,88,"D",3265,50,0,50,3000,4,871,1,5
"f",29,6,89,"D",1080,50,0,50,3050,4,960,1,5
"f",29,6,90,"D",848,50,0,50,3100,4,1904,1,5
"f",29,6,91,"D",881,50,0,50,3150,4,3176,1,5
"f",29,6,92,"D",944,50,0,50,3200,4,1513,1,5
"f",29,6,93,"D",945,50,0,50,3250,4,871,1,5
"f",29,6,94,"D",11474,50,-250,-200,3050,2,2639,1,5
"f",29,6,95,"D",29047,50,0,50,3100,4,1008,1,5
"f",29,6,96,"D",640,50,0,50,3150,4,776,1,5
"f",29,6,97,"D",536,50,0,50,3200,4,3024,1,5
"f",29,6,98,"D",872,50,0,50,3250,4,1824,1,5
"f",29,6,99,"D",512,50,0,50,3300,4,2306,1,5
"f",29,6,100,"D",2352,50,-250,-200,3100,4,856,1,5
"f",32,7,1,"C",3656,50,0,50,2050,4,2998,1,1
"f",32,7,2,"D",2324,50,0,50,2100,4,1722,1,1
"f",32,7,3,"B",2182,100,0,100,2200,3,1465,0,1
"f",32,7,4,"A",2577,100,0,100,2300,4,1301,0,1
"f",32,7,5,"D",1077,50,0,50,2350,4,1198,1,1
"f",32,7,6,"B",1684,100,0,100,2450,4,1432,0,1
"f",32,7,7,"D",1137,50,0,50,2500,4,1448,1,1
"f",32,7,8,"D",1475,50,0,50,2550,4,1374,1,1
"f",32,7,9,"A",2026,100,0,100,2650,4,1621,0,1
"f",32,7,10,"C",1061,50,0,50,2700,4,1273,1,1
"f",32,7,11,"B",1203,100,0,100,2800,3,1039,0,1
"f",32,7,12,"A",2778,100,-150,-50,2750,4,1295,0,1
"f",32,7,13,"D",917,50,0,50,2800,4,3489,1,1
"f",32,7,14,"D",1496,50,0,50,2850,4,1257,1,1
"f",32,7,15,"D",1259,50,0,50,2900,2,1580,1,1
"f",32,7,16,"D",2543,50,0,50,2950,4,1221,1,1
"f",32,7,17,"A",1835,100,0,100,3050,2,1154,0,1
"f",32,7,18,"D",1492,50,0,50,3100,1,2505,1,1
"f",32,7,19,"D",1116,50,-250,-200,2900,4,1242,1,1
"f",32,7,20,"C",1379,50,-50,0,2900,2,1665,1,1
"f",32,7,21,"D",1224,50,0,50,2950,4,1359,1,2
"f",32,7,22,"D",993,50,0,50,3000,1,1739,1,2
"f",32,7,23,"C",1060,50,0,50,3050,2,1796,1,2
"f",32,7,24,"D",3376,50,0,50,3100,4,1146,1,2
"f",32,7,25,"D",3658,50,0,50,3150,2,1562,1,2
"f",32,7,26,"D",960,50,0,50,3200,4,1305,1,2
"f",32,7,27,"A",1859,100,-300,-200,3000,1,2021,0,2
"f",32,7,28,"D",825,50,0,50,3050,4,985,1,2
"f",32,7,29,"B",1297,100,0,100,3150,3,933,0,2
"f",32,7,30,"C",1237,50,-50,0,3150,2,1620,1,2
"f",32,7,31,"D",1015,50,0,50,3200,4,959,1,2
"f",32,7,32,"C",878,50,0,50,3250,4,1050,1,2
"f",32,7,33,"D",804,50,0,50,3300,3,1159,1,2
"f",32,7,34,"D",1192,50,0,50,3350,4,1273,1,2
"f",32,7,35,"C",1148,50,-50,0,3350,3,1059,1,2
"f",32,7,36,"A",1175,100,0,100,3450,4,1341,0,2
"f",32,7,37,"D",1476,50,-250,-200,3250,4,1355,1,2
"f",32,7,38,"B",2175,100,0,100,3350,3,1137,0,2
"f",32,7,39,"C",2388,50,0,50,3400,3,1008,1,2
"f",32,7,40,"A",1257,100,-200,-100,3300,4,1265,0,2
"f",32,7,41,"D",1599,50,0,50,3350,4,1407,1,3
"f",32,7,42,"C",830,50,-50,0,3350,3,934,1,3
"f",32,7,43,"D",836,50,0,50,3400,4,1163,1,3
"f",32,7,44,"B",867,100,0,100,3500,3,1430,0,3
"f",32,7,45,"D",866,50,0,50,3550,4,854,1,3
"f",32,7,46,"B",1110,100,0,100,3650,3,1006,0,3
"f",32,7,47,"D",1327,50,0,50,3700,4,1628,1,3
"f",32,7,48,"C",918,50,-50,0,3700,3,1074,1,3
"f",32,7,49,"D",962,50,0,50,3750,4,1055,1,3
"f",32,7,50,"B",1110,100,0,100,3850,2,1788,0,3
"f",32,7,51,"D",1193,50,0,50,3900,4,1243,1,3
"f",32,7,52,"D",944,50,0,50,3950,3,1015,1,3
"f",32,7,53,"D",883,50,0,50,4000,2,1325,1,3
"f",32,7,54,"D",1410,50,-250,-200,3800,4,2580,1,3
"f",32,7,55,"C",834,50,0,50,3850,3,1199,1,3
"f",32,7,56,"C",1043,50,-25,25,3875,4,1682,1,3
"f",32,7,57,"D",918,50,0,50,3925,4,899,1,3
"f",32,7,58,"D",870,50,0,50,3975,4,935,1,3
"f",32,7,59,"D",735,50,0,50,4025,4,967,1,3
"f",32,7,60,"D",812,50,0,50,4075,4,996,1,3
"f",32,7,61,"D",994,50,0,50,4125,4,1065,1,4
"f",32,7,62,"D",979,50,-250,-200,3925,4,1049,1,4
"f",32,7,63,"D",987,50,0,50,3975,4,1689,1,4
"f",32,7,64,"D",836,50,0,50,4025,4,915,1,4
"f",32,7,65,"C",2000,50,-75,-25,4000,4,897,1,4
"f",32,7,66,"D",844,50,0,50,4050,2,1215,1,4
"f",32,7,67,"D",896,50,0,50,4100,3,1385,1,4
"f",32,7,68,"B",1192,100,-1250,-1150,2950,4,1523,0,4
"f",32,7,69,"D",1557,50,0,50,3000,4,934,1,4
"f",32,7,70,"C",1259,50,0,50,3050,3,983,1,4
"f",32,7,71,"D",777,50,0,50,3100,4,921,1,4
"f",32,7,72,"C",810,50,0,50,3150,2,1505,1,4
"f",32,7,73,"D",805,50,0,50,3200,4,697,1,4
"f",32,7,74,"C",752,50,0,50,3250,3,891,1,4
"f",32,7,75,"D",839,50,0,50,3300,4,2753,1,4
"f",32,7,76,"C",764,50,-25,25,3325,3,918,1,4
"f",32,7,77,"D",841,50,0,50,3375,4,1733,1,4
"f",32,7,78,"D",1084,50,0,50,3425,4,1048,1,4
"f",32,7,79,"C",786,50,-75,-25,3400,3,913,1,4
"f",32,7,80,"C",1025,50,0,50,3450,2,1049,1,4
"f",32,7,81,"D",798,50,0,50,3500,4,1217,1,5
"f",32,7,82,"D",769,50,0,50,3550,4,947,1,5
"f",32,7,83,"A",1626,100,0,100,3650,4,1247,0,5
"f",32,7,84,"D",943,50,0,50,3700,4,806,1,5
"f",32,7,85,"B",1393,100,0,100,3800,4,1122,0,5
"f",32,7,86,"D",1007,50,0,50,3850,4,853,1,5
"f",32,7,87,"C",961,50,-50,0,3850,4,1322,1,5
"f",32,7,88,"B",1110,100,0,100,3950,3,1208,0,5
"f",32,7,89,"D",1034,50,-250,-200,3750,4,2490,1,5
"f",32,7,90,"D",790,50,0,50,3800,4,807,1,5
"f",32,7,91,"D",903,50,0,50,3850,4,831,1,5
"f",32,7,92,"C",1268,50,0,50,3900,4,825,1,5
"f",32,7,93,"D",733,50,0,50,3950,4,809,1,5
"f",32,7,94,"C",760,50,0,50,4000,3,1189,1,5
"f",32,7,95,"D",951,50,0,50,4050,3,998,1,5
"f",32,7,96,"D",1060,50,0,50,4100,4,815,1,5
"f",32,7,97,"A",2708,100,-250,-150,3950,4,1497,0,5
"f",32,7,98,"B",1046,100,0,100,4050,4,1219,0,5
"f",32,7,99,"C",736,50,0,50,4100,4,730,1,5
"f",32,7,100,"D",826,50,0,50,4150,4,940,1,5
"f",30,8,1,"A",5822,100,0,100,2100,1,1817,0,1
"f",30,8,2,"A",2513,100,0,100,2200,2,1928,0,1
"f",30,8,3,"A",935,100,-150,-50,2150,4,1233,0,1
"f",30,8,4,"A",1576,100,0,100,2250,2,1368,0,1
"f",30,8,5,"A",1848,100,-300,-200,2050,3,4047,0,1
"f",30,8,6,"A",888,100,0,100,2150,3,1441,0,1
"f",30,8,7,"A",1424,100,-200,-100,2050,3,1336,0,1
"f",30,8,8,"A",8265,100,0,100,2150,2,2504,0,1
"f",30,8,9,"A",4208,100,-250,-150,2000,1,3375,0,1
"f",30,8,10,"A",30896,100,-350,-250,1750,2,3352,0,1
"f",30,8,11,"A",1056,100,0,100,1850,1,1768,0,1
"f",30,8,12,"A",6105,100,-350,-250,1600,1,1360,0,1
"f",30,8,13,"B",848,100,0,100,1700,1,1664,0,1
"f",30,8,14,"B",1816,100,0,100,1800,1,2776,0,1
"f",30,8,15,"B",1368,100,0,100,1900,1,832,0,1
"f",30,8,16,"B",1000,100,0,100,2000,2,1016,0,1
"f",30,8,17,"B",2169,100,0,100,2100,2,2047,0,1
"f",30,8,18,"B",2432,100,0,100,2200,2,1016,0,1
"f",30,8,19,"B",2120,100,0,100,2300,2,945,0,1
"f",30,8,20,"B",2065,100,0,100,2400,4,872,0,1
"f",30,8,21,"B",600,100,-1250,-1150,1250,4,673,0,2
"f",30,8,22,"B",1288,100,0,100,1350,3,4223,0,2
"f",30,8,23,"B",6016,100,0,100,1450,1,1568,0,2
"f",30,8,24,"B",3248,100,0,100,1550,1,1496,0,2
"f",30,8,25,"B",3272,100,0,100,1650,2,3889,0,2
"f",30,8,26,"B",1193,100,-1250,-1150,500,2,1191,0,2
"f",30,8,27,"C",1793,50,0,50,550,1,1376,1,2
"f",30,8,28,"C",728,50,0,50,600,1,928,1,2
"f",30,8,29,"C",935,50,-50,0,600,1,3457,1,2
"f",30,8,30,"C",704,50,0,50,650,1,1192,1,2
"f",30,8,31,"C",807,50,-50,0,650,1,1385,1,2
"f",30,8,32,"C",760,50,0,50,700,1,816,1,2
"f",30,8,33,"C",4624,50,-50,0,700,1,1320,1,2
"f",30,8,34,"C",1208,50,0,50,750,1,903,1,2
"f",30,8,35,"C",871,50,-50,0,750,4,1097,1,2
"f",30,8,36,"D",3921,50,0,50,800,1,1120,1,2
"f",30,8,37,"D",744,50,0,50,850,1,921,1,2
"f",30,8,38,"D",880,50,0,50,900,1,1152,1,2
"f",30,8,39,"D",2767,50,0,50,950,1,2017,1,2
"f",30,8,40,"D",2775,50,0,50,1000,1,913,1,2
"f",30,8,41,"D",872,50,0,50,1050,1,936,1,3
"f",30,8,42,"D",696,50,0,50,1100,1,904,1,3
"f",30,8,43,"D",1008,50,0,50,1150,2,1048,1,3
"f",30,8,44,"D",1072,50,0,50,1200,2,1112,1,3
"f",30,8,45,"D",896,50,-250,-200,1000,2,800,1,3
"f",30,8,46,"D",7921,50,0,50,1050,1,4400,1,3
"f",30,8,47,"D",665,50,0,50,1100,4,1080,1,3
"f",30,8,48,"D",592,50,0,50,1150,4,808,1,3
"f",30,8,49,"D",711,50,0,50,1200,4,850,1,3
"f",30,8,50,"D",2511,50,0,50,1250,4,1009,1,3
"f",30,8,51,"D",617,50,0,50,1300,4,920,1,3
"f",30,8,52,"D",1201,50,0,50,1350,4,896,1,3
"f",30,8,53,"D",856,50,0,50,1400,4,1048,1,3
"f",30,8,54,"D",623,50,0,50,1450,4,745,1,3
"f",30,8,55,"D",832,50,-250,-200,1250,4,832,1,3
"f",30,8,56,"D",561,50,0,50,1300,4,704,1,3
"f",30,8,57,"D",576,50,0,50,1350,4,696,1,3
"f",30,8,58,"D",647,50,0,50,1400,4,553,1,3
"f",30,8,59,"D",672,50,0,50,1450,4,688,1,3
"f",30,8,60,"D",576,50,0,50,1500,4,648,1,3
"f",30,8,61,"D",553,50,0,50,1550,4,568,1,4
"f",30,8,62,"D",576,50,0,50,1600,4,600,1,4
"f",30,8,63,"D",583,50,0,50,1650,4,514,1,4
"f",30,8,64,"D",816,50,-250,-200,1450,4,657,1,4
"f",30,8,65,"D",840,50,0,50,1500,4,497,1,4
"f",30,8,66,"D",552,50,0,50,1550,4,513,1,4
"f",30,8,67,"D",488,50,0,50,1600,4,464,1,4
"f",30,8,68,"D",577,50,0,50,1650,4,472,1,4
"f",30,8,69,"D",512,50,0,50,1700,4,455,1,4
"f",30,8,70,"D",457,50,-250,-200,1500,4,552,1,4
"f",30,8,71,"D",503,50,0,50,1550,4,529,1,4
"f",30,8,72,"D",512,50,0,50,1600,4,408,1,4
"f",30,8,73,"D",424,50,0,50,1650,4,408,1,4
"f",30,8,74,"D",439,50,0,50,1700,4,385,1,4
"f",30,8,75,"D",464,50,0,50,1750,4,383,1,4
"f",30,8,76,"D",464,50,0,50,1800,4,441,1,4
"f",30,8,77,"D",673,50,0,50,1850,4,463,1,4
"f",30,8,78,"D",457,50,0,50,1900,4,455,1,4
"f",30,8,79,"D",649,50,0,50,1950,4,471,1,4
"f",30,8,80,"D",553,50,0,50,2000,4,448,1,4
"f",30,8,81,"D",536,50,0,50,2050,4,465,1,5
"f",30,8,82,"D",481,50,0,50,2100,4,455,1,5
"f",30,8,83,"D",456,50,0,50,2150,4,441,1,5
"f",30,8,84,"D",1521,50,0,50,2200,4,880,1,5
"f",30,8,85,"D",1688,50,-250,-200,2000,4,648,1,5
"f",30,8,86,"D",856,50,0,50,2050,4,496,1,5
"f",30,8,87,"D",591,50,0,50,2100,4,425,1,5
"f",30,8,88,"D",440,50,0,50,2150,4,423,1,5
"f",30,8,89,"D",480,50,0,50,2200,4,432,1,5
"f",30,8,90,"D",456,50,0,50,2250,4,456,1,5
"f",30,8,91,"D",464,50,0,50,2300,4,504,1,5
"f",30,8,92,"D",456,50,0,50,2350,4,479,1,5
"f",30,8,93,"D",527,50,0,50,2400,4,473,1,5
"f",30,8,94,"D",552,50,0,50,2450,4,472,1,5
"f",30,8,95,"D",553,50,-250,-200,2250,4,448,1,5
"f",30,8,96,"D",463,50,0,50,2300,4,489,1,5
"f",30,8,97,"D",545,50,0,50,2350,4,463,1,5
"f",30,8,98,"D",552,50,0,50,2400,4,448,1,5
"f",30,8,99,"D",529,50,0,50,2450,4,424,1,5
"f",30,8,100,"D",456,50,0,50,2500,4,409,1,5
"f",58,9,1,"C",5954,50,0,50,2050,3,3766,1,1
"f",58,9,2,"D",7099,50,0,50,2100,4,4986,1,1
"f",58,9,3,"D",7861,50,0,50,2150,3,3502,1,1
"f",58,9,4,"C",4361,50,0,50,2200,3,3322,1,1
"f",58,9,5,"D",3002,50,0,50,2250,4,3001,1,1
"f",58,9,6,"C",2502,50,-50,0,2250,3,2067,1,1
"f",58,9,7,"D",3727,50,0,50,2300,3,1398,1,1
"f",58,9,8,"D",2549,50,0,50,2350,3,1984,1,1
"f",58,9,9,"C",2524,50,0,50,2400,4,1332,1,1
"f",58,9,10,"D",2170,50,0,50,2450,3,1446,1,1
"f",58,9,11,"D",2649,50,0,50,2500,3,1395,1,1
"f",58,9,12,"C",1848,50,-50,0,2500,4,1498,1,1
"f",58,9,13,"C",3703,50,0,50,2550,3,1455,1,1
"f",58,9,14,"D",1839,50,0,50,2600,4,1297,1,1
"f",58,9,15,"C",2384,50,-50,0,2600,3,1337,1,1
"f",58,9,16,"D",4296,50,0,50,2650,4,1687,1,1
"f",58,9,17,"D",1154,50,-250,-200,2450,4,997,1,1
"f",58,9,18,"D",7655,50,0,50,2500,3,1214,1,1
"f",58,9,19,"C",1536,50,0,50,2550,3,1538,1,1
"f",58,9,20,"C",7412,50,-50,0,2550,4,1474,1,1
"f",58,9,21,"B",3186,100,0,100,2650,4,1547,0,2
"f",58,9,22,"D",3036,50,0,50,2700,3,2041,1,2
"f",58,9,23,"D",3114,50,0,50,2750,3,1547,1,2
"f",58,9,24,"B",3102,100,0,100,2850,4,1633,0,2
"f",58,9,25,"C",2821,50,-50,0,2850,4,1330,1,2
"f",58,9,26,"D",4742,50,0,50,2900,3,1566,1,2
"f",58,9,27,"D",2811,50,0,50,2950,2,4810,1,2
"f",58,9,28,"C",2993,50,0,50,3000,3,1887,1,2
"f",58,9,29,"D",2551,50,0,50,3050,2,1452,1,2
"f",58,9,30,"B",2884,100,0,100,3150,4,1586,0,2
"f",58,9,31,"D",3507,50,0,50,3200,3,1752,1,2
"f",58,9,32,"D",2051,50,0,50,3250,4,1465,1,2
"f",58,9,33,"B",1803,100,0,100,3350,3,1530,0,2
"f",58,9,34,"D",2786,50,0,50,3400,2,1842,1,2
"f",58,9,35,"D",1604,50,-250,-200,3200,4,1433,1,2
"f",58,9,36,"C",2520,50,-25,25,3225,2,1613,1,2
"f",58,9,37,"B",2369,100,0,100,3325,4,1033,0,2
"f",58,9,38,"C",2887,50,-75,-25,3300,3,1788,1,2
"f",58,9,39,"D",1986,50,0,50,3350,4,1130,1,2
"f",58,9,40,"B",1771,100,0,100,3450,4,1417,0,2
"f",58,9,41,"A",2299,100,0,100,3550,4,1370,0,3
"f",58,9,42,"C",2203,50,0,50,3600,3,1305,1,3
"f",58,9,43,"D",2303,50,0,50,3650,3,1453,1,3
"f",58,9,44,"D",2231,50,0,50,3700,4,1184,1,3
"f",58,9,45,"C",1747,50,0,50,3750,3,1136,1,3
"f",58,9,46,"D",2234,50,0,50,3800,4,1319,1,3
"f",58,9,47,"B",2205,100,0,100,3900,3,1650,0,3
"f",58,9,48,"D",1951,50,0,50,3950,4,1520,1,3
"f",58,9,49,"C",2473,50,0,50,4000,4,1116,1,3
"f",58,9,50,"B",1405,100,0,100,4100,3,1387,0,3
"f",58,9,51,"A",2117,100,0,100,4200,4,1008,0,3
"f",58,9,52,"B",1611,100,-1250,-1150,3050,3,1495,0,3
"f",58,9,53,"D",1832,50,0,50,3100,4,1252,1,3
"f",58,9,54,"C",1602,50,-25,25,3125,3,1198,1,3
"f",58,9,55,"B",3256,100,0,100,3225,4,950,0,3
"f",58,9,56,"B",1487,100,0,100,3325,4,1114,0,3
"f",58,9,57,"C",1570,50,-75,-25,3300,4,1948,1,3
"f",58,9,58,"C",1588,50,0,50,3350,2,1565,1,3
"f",58,9,59,"A",1481,100,-150,-50,3300,4,1143,0,3
"f",58,9,60,"B",1202,100,0,100,3400,2,1199,0,3
"f",58,9,61,"D",1390,50,0,50,3450,4,1397,1,4
"f",58,9,62,"C",1219,50,-50,0,3450,3,1484,1,4
"f",58,9,63,"D",1601,50,0,50,3500,4,1411,1,4
"f",58,9,64,"A",1639,100,0,100,3600,3,990,0,4
"f",58,9,65,"D",2698,50,-250,-200,3400,3,1939,1,4
"f",58,9,66,"D",2531,50,0,50,3450,2,1526,1,4
"f",58,9,67,"A",1419,100,-300,-200,3250,4,1562,0,4
"f",58,9,68,"B",1394,100,0,100,3350,2,1265,0,4
"f",58,9,69,"C",1885,50,0,50,3400,3,1153,1,4
"f",58,9,70,"D",1524,50,0,50,3450,4,1093,1,4
"f",58,9,71,"C",1438,50,0,50,3500,4,1260,1,4
"f",58,9,72,"B",1472,100,-1250,-1150,2350,4,1749,0,4
"f",58,9,73,"B",1937,100,0,100,2450,4,1535,0,4
"f",58,9,74,"A",1275,100,0,100,2550,4,1208,0,4
"f",58,9,75,"B",1354,100,0,100,2650,4,915,0,4
"f",58,9,76,"B",1440,100,0,100,2750,3,1250,0,4
"f",58,9,77,"C",1562,50,0,50,2800,3,1344,1,4
"f",58,9,78,"D",1669,50,0,50,2850,4,1539,1,4
"f",58,9,79,"B",2773,100,0,100,2950,3,935,0,4
"f",58,9,80,"C",1416,50,-50,0,2950,3,1117,1,4
"f",58,9,81,"D",2209,50,0,50,3000,4,932,1,5
"f",58,9,82,"C",1800,50,-25,25,3025,4,1433,1,5
"f",58,9,83,"C",1457,50,-50,0,3025,3,1114,1,5
"f",58,9,84,"B",1820,100,0,100,3125,4,833,0,5
"f",58,9,85,"C",1666,50,0,50,3175,4,1232,1,5
"f",58,9,86,"D",1300,50,0,50,3225,3,1283,1,5
"f",58,9,87,"D",1356,50,-250,-200,3025,4,1078,1,5
"f",58,9,88,"D",1683,50,0,50,3075,3,1103,1,5
"f",58,9,89,"C",1507,50,0,50,3125,3,1194,1,5
"f",58,9,90,"B",1275,100,0,100,3225,4,1438,0,5
"f",58,9,91,"D",2176,50,0,50,3275,2,1384,1,5
"f",58,9,92,"D",1916,50,0,50,3325,3,1538,1,5
"f",58,9,93,"D",2597,50,0,50,3375,2,4196,1,5
"f",58,9,94,"D",1373,50,0,50,3425,1,2359,1,5
"f",58,9,95,"C",2853,50,-75,-25,3400,4,1202,1,5
"f",58,9,96,"C",1213,50,-50,0,3400,3,1038,1,5
"f",58,9,97,"B",1155,100,-1250,-1150,2250,2,1509,0,5
"f",58,9,98,"D",1920,50,0,50,2300,4,979,1,5
"f",58,9,99,"C",1021,50,0,50,2350,3,931,1,5
"f",58,9,100,"D",1466,50,0,50,2400,4,936,1,5
"m",18,10,1,"B",4824,100,0,100,2100,4,984,0,1
"m",18,10,2,"B",2776,100,0,100,2200,3,664,0,1
"m",18,10,3,"A",801,100,0,100,2300,3,840,0,1
"m",18,10,4,"B",984,100,0,100,2400,2,1576,0,1
"m",18,10,5,"A",3952,100,0,100,2500,3,904,0,1
"m",18,10,6,"B",1088,100,0,100,2600,4,760,0,1
"m",18,10,7,"C",1208,50,0,50,2650,2,592,1,1
"m",18,10,8,"B",832,100,0,100,2750,3,888,0,1
"m",18,10,9,"A",696,100,-150,-50,2700,3,1128,0,1
"m",18,10,10,"C",1984,50,0,50,2750,2,1176,1,1
"m",18,10,11,"D",712,50,0,50,2800,3,648,1,1
"m",18,10,12,"C",664,50,-50,0,2800,2,824,1,1
"m",18,10,13,"A",2792,100,0,100,2900,3,1824,0,1
"m",18,10,14,"B",856,100,0,100,3000,3,1088,0,1
"m",18,10,15,"D",744,50,0,50,3050,2,920,1,1
"m",18,10,16,"B",856,100,0,100,3150,4,1008,0,1
"m",18,10,17,"A",1248,100,-300,-200,2950,3,920,0,1
"m",18,10,18,"B",1208,100,0,100,3050,2,592,0,1
"m",18,10,19,"B",576,100,-1250,-1150,1900,2,456,0,1
"m",18,10,20,"D",1248,50,0,50,1950,4,712,1,1
"m",18,10,21,"A",1344,100,0,100,2050,3,544,0,2
"m",18,10,22,"C",864,50,0,50,2100,3,624,1,2
"m",18,10,23,"C",736,50,-50,0,2100,3,536,1,2
"m",18,10,24,"C",2080,50,0,50,2150,3,576,1,2
"m",18,10,25,"B",512,100,0,100,2250,3,792,0,2
"m",18,10,26,"A",744,100,-200,-100,2150,4,1280,0,2
"m",18,10,27,"B",504,100,0,100,2250,3,592,0,2
"m",18,10,28,"B",672,100,0,100,2350,4,752,0,2
"m",18,10,29,"D",1040,50,0,50,2400,4,1192,1,2
"m",18,10,30,"A",552,100,0,100,2500,4,1760,0,2
"m",18,10,31,"B",536,100,0,100,2600,4,1040,0,2
"m",18,10,32,"A",3032,100,-250,-150,2450,4,1040,0,2
"m",18,10,33,"B",672,100,-1250,-1150,1300,3,768,0,2
"m",18,10,34,"B",1496,100,0,100,1400,3,488,0,2
"m",18,10,35,"A",848,100,-350,-250,1150,4,576,0,2
"m",18,10,36,"C",896,50,-50,0,1150,4,1144,1,2
"m",18,10,37,"B",1392,100,0,100,1250,3,648,0,2
"m",18,10,38,"B",824,100,0,100,1350,3,512,0,2
"m",18,10,39,"B",504,100,0,100,1450,3,456,0,2
"m",18,10,40,"B",440,100,0,100,1550,3,648,0,2
"m",18,10,41,"A",528,100,0,100,1650,3,472,0,3
"m",18,10,42,"A",592,100,-350,-250,1400,3,488,0,3
"m",18,10,43,"B",560,100,0,100,1500,3,496,0,3
"m",18,10,44,"B",473,100,-1250,-1150,350,3,703,0,3
"m",18,10,45,"B",528,100,0,100,450,3,712,0,3
"m",18,10,46,"A",648,100,0,100,550,3,840,0,3
"m",18,10,47,"C",552,50,0,50,600,4,704,1,3
"m",18,10,48,"C",568,50,-50,0,600,4,1016,1,3
"m",18,10,49,"B",1024,100,0,100,700,2,1032,0,3
"m",18,10,50,"D",816,50,0,50,750,4,1168,1,3
"m",18,10,51,"A",584,100,-250,-150,600,3,1376,0,3
"m",18,10,52,"B",656,100,0,100,700,2,656,0,3
"m",18,10,53,"A",488,100,-200,-100,600,1,688,0,3
"m",18,10,54,"A",504,100,0,100,700,1,456,0,3
"m",18,10,55,"B",664,100,0,100,800,2,1704,0,3
"m",18,10,56,"D",3568,50,0,50,850,2,840,1,3
"m",18,10,57,"D",536,50,0,50,900,1,992,1,3
"m",18,10,58,"D",552,50,0,50,950,4,592,1,3
"m",18,10,59,"B",1304,100,0,100,1050,3,1224,0,3
"m",18,10,60,"B",856,100,0,100,1150,3,736,0,3
"m",18,10,61,"A",465,100,-300,-200,950,2,743,0,4
"m",18,10,62,"C",520,50,-50,0,950,2,864,1,4
"m",18,10,63,"B",432,100,0,100,1050,3,792,0,4
"m",18,10,64,"B",872,100,0,100,1150,3,880,0,4
"m",18,10,65,"D",537,50,0,50,1200,3,735,1,4
"m",18,10,66,"C",912,50,0,50,1250,2,1344,1,4
"m",18,10,67,"A",416,100,-150,-50,1200,4,1840,0,4
"m",18,10,68,"B",456,100,0,100,1300,3,832,0,4
"m",18,10,69,"A",704,100,0,100,1400,2,912,0,4
"m",18,10,70,"A",864,100,0,100,1500,2,752,0,4
"m",18,10,71,"D",968,50,-250,-200,1300,4,688,1,4
"m",18,10,72,"C",504,50,-25,25,1325,4,664,1,4
"m",18,10,73,"B",864,100,0,100,1425,3,680,0,4
"m",18,10,74,"B",488,100,-1250,-1150,275,2,776,0,4
"m",18,10,75,"A",521,100,0,100,375,2,703,0,4
"m",18,10,76,"A",537,100,-300,-200,175,2,375,0,4
"m",18,10,77,"A",480,100,0,100,275,2,839,0,4
"m",18,10,78,"B",497,100,0,100,375,3,464,0,4
"m",18,10,79,"B",1217,100,0,100,475,3,631,0,4
"m",18,10,80,"B",609,100,0,100,575,3,616,0,4
"m",18,10,81,"C",1417,50,-75,-25,550,3,1703,1,5
"m",18,10,82,"C",538,50,0,50,600,3,431,1,5
"m",18,10,83,"B",617,100,0,100,700,3,1743,0,5
"m",18,10,84,"A",1313,100,-350,-250,450,3,839,0,5
"m",18,10,85,"C",632,50,0,50,500,3,1152,1,5
"m",18,10,86,"D",601,50,0,50,550,3,655,1,5
"m",18,10,87,"C",457,50,0,50,600,3,471,1,5
"m",18,10,88,"D",601,50,0,50,650,4,512,1,5
"m",18,10,89,"C",545,50,-25,25,675,4,503,1,5
"m",18,10,90,"C",577,50,-75,-25,650,3,607,1,5
"m",18,10,91,"C",489,50,0,50,700,3,679,1,5
"m",18,10,92,"D",473,50,0,50,750,4,584,1,5
"m",18,10,93,"C",520,50,-50,0,750,4,512,1,5
"m",18,10,94,"D",545,50,0,50,800,4,472,1,5
"m",18,10,95,"C",480,50,0,50,850,4,616,1,5
"m",18,10,96,"D",432,50,0,50,900,4,416,1,5
"m",18,10,97,"C",648,50,0,50,950,4,856,1,5
"m",18,10,98,"C",432,50,0,50,1000,4,448,1,5
"m",18,10,99,"C",465,50,-50,0,1000,4,415,1,5
"m",18,10,100,"C",472,50,-25,25,1025,4,504,1,5
